"Inici",131,http://cansici.cat/quant-a/
"01--Sala Entrada",37,http://cansiciweb.files.wordpress.com/2017/12/01-sala-entrada1.jpg
"Fotos",31,http://cansici.cat/fotos/
"03--Sala Entrada",29,http://cansiciweb.files.wordpress.com/2017/12/03-sala-entrada1.jpg
"02--Sala Entrada",28,http://cansiciweb.files.wordpress.com/2017/12/02-sala-entrada1.jpg
"09--Sala Menjador",27,http://cansiciweb.files.wordpress.com/2017/12/09-sala-menjador1.jpg
"Calendari",26,http://cansici.cat/calendari/
"01--Piscina",26,http://cansiciweb.files.wordpress.com/2017/12/01-piscina.jpg
"Preus",25,http://cansici.cat/preus/
"02--Pèrgola",23,http://cansiciweb.files.wordpress.com/2017/12/02-pc3a8rgola.jpg
"03--Jardí",22,http://cansiciweb.files.wordpress.com/2017/12/03-jardc3ad.jpg
"01--Habitació 1",22,http://cansiciweb.files.wordpress.com/2017/12/01-habitacic3b3-1.jpg
"Reserves",21,http://cansici.cat/reserves/
"08--Sala Menjador",21,http://cansiciweb.files.wordpress.com/2017/12/08-sala-menjador1.jpg
"10--Sala Menjador",21,http://cansiciweb.files.wordpress.com/2017/12/10-sala-menjador1.jpg
"04-- Bassa i casa",20,http://cansiciweb.files.wordpress.com/2017/12/04-bassa-i-casa.jpg
"11--Escales",20,http://cansiciweb.files.wordpress.com/2017/12/11-escales1.jpg
"19--Prats i casa",19,http://cansiciweb.files.wordpress.com/2017/12/19-prats-i-casa.jpg
"08--Parc infantil",19,http://cansiciweb.files.wordpress.com/2017/12/08-parc-infantil.jpg
"04--Sala Entrada",19,http://cansiciweb.files.wordpress.com/2017/12/04-sala-entrada1.jpg
"05--Bassa",18,http://cansiciweb.files.wordpress.com/2017/12/05-bassa.jpg
"16--Sala Pallissa",18,http://cansiciweb.files.wordpress.com/2017/12/16-sala-pallissa1.jpg
"06--Detall testos",17,http://cansiciweb.files.wordpress.com/2017/12/06-detall-testos.jpg
"La casa",17,http://cansici.cat/casa/
"12--Sala Repartidor",17,http://cansiciweb.files.wordpress.com/2017/12/12-sala-repartidor1.jpg
"17--Sala Pallissa",17,http://cansiciweb.files.wordpress.com/2017/12/17-sala-pallissa.jpg
"14--Sala Repartidor",17,http://cansiciweb.files.wordpress.com/2017/12/14-sala-repartidor1.jpg
"15-- Porta",17,http://cansiciweb.files.wordpress.com/2017/12/15-porta1.jpg
"20--Sala Pallissa",17,http://cansiciweb.files.wordpress.com/2017/12/20-sala-pallissa.jpg
"21--Sala Pallissa",17,http://cansiciweb.files.wordpress.com/2017/12/21-sala-pallissa.jpg
"05--Cuina",16,http://cansiciweb.files.wordpress.com/2017/12/05-cuina1.jpg
"19--Sala Pallissa",16,http://cansiciweb.files.wordpress.com/2017/12/19-sala-pallissa.jpg
"20--Casa i arbres alts",15,http://cansiciweb.files.wordpress.com/2017/12/20-casa-i-arbres-alts.jpg
"21--Camí bosc",15,http://cansiciweb.files.wordpress.com/2017/12/21-camc3ad-bosc.jpg
"06--Cuina",15,http://cansiciweb.files.wordpress.com/2017/12/06-cuina1.jpg
"07--Cuina",15,http://cansiciweb.files.wordpress.com/2017/12/07-cuina1.jpg
"18--Sala Pallissa",15,http://cansiciweb.files.wordpress.com/2017/12/18-sala-pallissa1.jpg
"13--Sala Repartidor",14,http://cansiciweb.files.wordpress.com/2017/12/13-sala-repartidor1.jpg
"Normes de la casa",13,http://cansici.cat/normes/
"Com arribar-hi",13,http://cansici.cat/arribar/
"05--Habitació 4",12,http://cansiciweb.files.wordpress.com/2017/12/05-habitacic3b3-4.jpg
"02-- Habitació 1",12,http://cansiciweb.files.wordpress.com/2017/12/02-habitacic3b3-1.jpg
"06--Habitació 4",9,http://cansiciweb.files.wordpress.com/2017/12/06-habitacic3b3-4.jpg
"03--Habitació 2",9,http://cansiciweb.files.wordpress.com/2017/12/03-habitacic3b3-2.jpg
"04--Habitació 3",9,http://cansiciweb.files.wordpress.com/2017/12/04-habitacic3b3-3.jpg
"09--Habitació lliteres",9,http://cansiciweb.files.wordpress.com/2017/12/09-habitacic3b3-lliteres.jpg
"L'entorn",7,http://cansici.cat/entorn/
"07--Habitació 5",7,http://cansiciweb.files.wordpress.com/2017/12/07-habitacic3b3-5.jpg
"08--Habitació 6",7,http://cansiciweb.files.wordpress.com/2017/12/08-habitacic3b3-6.jpg
"10--Lavabo 1",7,http://cansiciweb.files.wordpress.com/2017/12/10-lavabo-1.jpg
"11--Lavabo 2",7,http://cansiciweb.files.wordpress.com/2017/12/11-lavabo-2.jpg
"12--Lavabo 3",7,http://cansiciweb.files.wordpress.com/2017/12/12-lavabo-3.jpg
"W1--Sala Pallissa",3,http://cansiciweb.files.wordpress.com/2017/12/w1-sala-pallissa.jpg
"W2--Sala Entrada",2,http://cansiciweb.files.wordpress.com/2017/12/w2-sala-entrada.jpg
"W3-- Detall moble",1,http://cansiciweb.files.wordpress.com/2017/12/w3-detall-moble.jpg
"W4--Escales",1,http://cansiciweb.files.wordpress.com/2017/12/w4-escales.jpg
"W5--Sala Entrada",1,http://cansiciweb.files.wordpress.com/2017/12/w5-sala-entrada.jpg
"W6-- Porta",1,http://cansiciweb.files.wordpress.com/2017/12/w6-porta.jpg
"W8--Sala Pallissa",1,http://cansiciweb.files.wordpress.com/2017/12/w8-sala-pallissa.jpg
"W9--Sala Pallissa",1,http://cansiciweb.files.wordpress.com/2017/12/w9-sala-pallissa.jpg
"W7--Cuina",1,http://cansiciweb.files.wordpress.com/2017/12/w7-cuina1.jpg