"cansicimasia",1020
"cansicimasia > Inici",131,http://cansici.cat/quant-a/
"cansicimasia > 01--Sala Entrada",37,http://cansici.cat/01-sala-entrada/
"cansicimasia > Fotos",31,http://cansici.cat/fotos/
"cansicimasia > 03--Sala Entrada",29,http://cansici.cat/03-sala-entrada/
"cansicimasia > 02--Sala Entrada",28,http://cansici.cat/02-sala-entrada/
"cansicimasia > 09--Sala Menjador",27,http://cansici.cat/09-sala-menjador/
"cansicimasia > Calendari",26,http://cansici.cat/calendari/
"cansicimasia > 01--Piscina",26,http://cansici.cat/01-piscina/
"cansicimasia > Preus",25,http://cansici.cat/preus/
"cansicimasia > 02--Pèrgola",23,http://cansici.cat/02-pergola/
"cansicimasia > 03--Jardí",22,http://cansici.cat/03-jardi/
"cansicimasia > 01--Habitació 1",22,http://cansici.cat/01-habitacio-1/
"cansicimasia > Reserves",21,http://cansici.cat/reserves/
"cansicimasia > 08--Sala Menjador",21,http://cansici.cat/08-sala-menjador/
"cansicimasia > 10--Sala Menjador",21,http://cansici.cat/10-sala-menjador/
"cansicimasia > 04-- Bassa i casa",20,http://cansici.cat/04-bassa-i-casa/
"cansicimasia > 11--Escales",20,http://cansici.cat/11-escales/
"cansicimasia > 19--Prats i casa",19,http://cansici.cat/19-prats-i-casa/
"cansicimasia > 08--Parc infantil",19,http://cansici.cat/08-parc-infantil/
"cansicimasia > 04--Sala Entrada",19,http://cansici.cat/04-sala-entrada/
"cansicimasia > 05--Bassa",18,http://cansici.cat/05-bassa/
"cansicimasia > 16--Sala Pallissa",18,http://cansici.cat/16-sala-pallissa/
"cansicimasia > 06--Detall testos",17,http://cansici.cat/06-detall-testos/
"cansicimasia > La casa",17,http://cansici.cat/casa/
"cansicimasia > 12--Sala Repartidor",17,http://cansici.cat/12-sala-repartidor/
"cansicimasia > 17--Sala Pallissa",17,http://cansici.cat/17-sala-pallissa/
"cansicimasia > 14--Sala Repartidor",17,http://cansici.cat/14-sala-repartidor/
"cansicimasia > 15-- Porta",17,http://cansici.cat/15-porta/
"cansicimasia > 20--Sala Pallissa",17,http://cansici.cat/20-sala-pallissa/
"cansicimasia > 21--Sala Pallissa",17,http://cansici.cat/21-sala-pallissa/
"cansicimasia > 05--Cuina",16,http://cansici.cat/05-cuina/
"cansicimasia > 19--Sala Pallissa",16,http://cansici.cat/19-sala-pallissa/
"cansicimasia > 20--Casa i arbres alts",15,http://cansici.cat/20-casa-i-arbres-alts/
"cansicimasia > 21--Camí bosc",15,http://cansici.cat/21-cami-bosc/
"cansicimasia > 06--Cuina",15,http://cansici.cat/06-cuina/
"cansicimasia > 07--Cuina",15,http://cansici.cat/07-cuina/
"cansicimasia > 18--Sala Pallissa",15,http://cansici.cat/18-sala-pallissa-2/
"cansicimasia > 13--Sala Repartidor",14,http://cansici.cat/13-sala-repartidor/
"cansicimasia > Normes de la casa",13,http://cansici.cat/normes/
"cansicimasia > Com arribar-hi",13,http://cansici.cat/arribar/
"cansicimasia > 05--Habitació 4",12,http://cansici.cat/05-habitacio-4/
"cansicimasia > 02-- Habitació 1",12,http://cansici.cat/02-habitacio-1/
"cansicimasia > 06--Habitació 4",9,http://cansici.cat/06-habitacio-4/
"cansicimasia > 03--Habitació 2",9,http://cansici.cat/03-habitacio-2/
"cansicimasia > 04--Habitació 3",9,http://cansici.cat/04-habitacio-3/
"cansicimasia > 09--Habitació lliteres",9,http://cansici.cat/09-habitacio-lliteres/
"cansicimasia > L'entorn",7,http://cansici.cat/entorn/
"cansicimasia > 07--Habitació 5",7,http://cansici.cat/07-habitacio-5/
"cansicimasia > 08--Habitació 6",7,http://cansici.cat/08-habitacio-6/
"cansicimasia > 10--Lavabo 1",7,http://cansici.cat/10-lavabo-1/
"cansicimasia > 11--Lavabo 2",7,http://cansici.cat/11-lavabo-2/
"cansicimasia > 12--Lavabo 3",7,http://cansici.cat/12-lavabo-3/
"cansicimasia > W1--Sala Pallissa",3,http://cansici.cat/w1-sala-pallissa/
"cansicimasia > W2--Sala Entrada",2,http://cansici.cat/w2-sala-entrada/
"cansicimasia > W3-- Detall moble",1,http://cansici.cat/w3-detall-moble/
"cansicimasia > W4--Escales",1,http://cansici.cat/w4-escales/
"cansicimasia > W5--Sala Entrada",1,http://cansici.cat/w5-sala-entrada/
"cansicimasia > W6-- Porta",1,http://cansici.cat/w6-porta/
"cansicimasia > W8--Sala Pallissa",1,http://cansici.cat/w8-sala-pallissa/
"cansicimasia > W9--Sala Pallissa",1,http://cansici.cat/w9-sala-pallissa/
"cansicimasia > W7--Cuina",1,http://cansici.cat/w7-cuina/