"cansicimasia",1754
"cansicimasia > Inici",238,http://cansici.cat/quant-a/
"cansicimasia > Com arribar-hi",90,http://cansici.cat/arribar/
"cansicimasia > Preus",90,http://cansici.cat/preus/
"cansicimasia > Fotos",73,http://cansici.cat/fotos/
"cansicimasia > 01--Sala Entrada",73,http://cansici.cat/01-sala-entrada/
"cansicimasia > La casa",63,http://cansici.cat/casa/
"cansicimasia > Reserves",56,http://cansici.cat/reserves/
"cansicimasia > Calendari",53,http://cansici.cat/calendari/
"cansicimasia > 02--Sala Entrada",50,http://cansici.cat/02-sala-entrada/
"cansicimasia > 03--Sala Entrada",40,http://cansici.cat/03-sala-entrada/
"cansicimasia > 04--Sala Entrada",34,http://cansici.cat/04-sala-entrada/
"cansicimasia > 16--Sala Pallissa",34,http://cansici.cat/16-sala-pallissa/
"cansicimasia > 20--Sala Pallissa",34,http://cansici.cat/20-sala-pallissa/
"cansicimasia > 05--Cuina",33,http://cansici.cat/05-cuina/
"cansicimasia > 13--Sala Repartidor",33,http://cansici.cat/13-sala-repartidor/
"cansicimasia > 17--Sala Pallissa",33,http://cansici.cat/17-sala-pallissa/
"cansicimasia > 15-- Porta",32,http://cansici.cat/15-porta/
"cansicimasia > 18--Sala Pallissa",32,http://cansici.cat/18-sala-pallissa-2/
"cansicimasia > 19--Sala Pallissa",32,http://cansici.cat/19-sala-pallissa/
"cansicimasia > 08--Sala Menjador",31,http://cansici.cat/08-sala-menjador/
"cansicimasia > 09--Sala Menjador",31,http://cansici.cat/09-sala-menjador/
"cansicimasia > 10--Sala Menjador",31,http://cansici.cat/10-sala-menjador/
"cansicimasia > 06--Cuina",30,http://cansici.cat/06-cuina/
"cansicimasia > 14--Sala Repartidor",30,http://cansici.cat/14-sala-repartidor/
"cansicimasia > 21--Sala Pallissa",30,http://cansici.cat/21-sala-pallissa/
"cansicimasia > 11--Escales",29,http://cansici.cat/11-escales/
"cansicimasia > 12--Sala Repartidor",29,http://cansici.cat/12-sala-repartidor/
"cansicimasia > 07--Cuina",28,http://cansici.cat/07-cuina/
"cansicimasia > 01--Piscina",26,http://cansici.cat/01-piscina/
"cansicimasia > Normes de la casa",23,http://cansici.cat/normes/
"cansicimasia > L'entorn",21,http://cansici.cat/entorn/
"cansicimasia > 21--Camí bosc",18,http://cansici.cat/21-cami-bosc/
"cansicimasia > 02--Pèrgola",17,http://cansici.cat/02-pergola/
"cansicimasia > 03--Jardí",17,http://cansici.cat/03-jardi/
"cansicimasia > 08--Parc infantil",17,http://cansici.cat/08-parc-infantil/
"cansicimasia > 04-- Bassa i casa",16,http://cansici.cat/04-bassa-i-casa/
"cansicimasia > 05--Bassa",16,http://cansici.cat/05-bassa/
"cansicimasia > 06--Detall testos",16,http://cansici.cat/06-detall-testos/
"cansicimasia > 20--Casa i arbres alts",16,http://cansici.cat/20-casa-i-arbres-alts/
"cansicimasia > 01--Habitació 1",14,http://cansici.cat/01-habitacio-1/
"cansicimasia > 19--Prats i casa",14,http://cansici.cat/19-prats-i-casa/
"cansicimasia > 02-- Habitació 1",10,http://cansici.cat/02-habitacio-1/
"cansicimasia > 03--Habitació 2",10,http://cansici.cat/03-habitacio-2/
"cansicimasia > 04--Habitació 3",10,http://cansici.cat/04-habitacio-3/
"cansicimasia > W7--Cuina",10,http://cansici.cat/w7-cuina/
"cansicimasia > 05--Habitació 4",8,http://cansici.cat/05-habitacio-4/
"cansicimasia > 06--Habitació 4",8,http://cansici.cat/06-habitacio-4/
"cansicimasia > 07--Habitació 5",7,http://cansici.cat/07-habitacio-5/
"cansicimasia > 11--Lavabo 2",7,http://cansici.cat/11-lavabo-2/
"cansicimasia > W6-- Porta",7,http://cansici.cat/w6-porta/
"cansicimasia > W8--Sala Pallissa",7,http://cansici.cat/w8-sala-pallissa/
"cansicimasia > 08--Habitació 6",6,http://cansici.cat/08-habitacio-6/
"cansicimasia > 09--Habitació lliteres",6,http://cansici.cat/09-habitacio-lliteres/
"cansicimasia > 10--Lavabo 1",6,http://cansici.cat/10-lavabo-1/
"cansicimasia > W1--Sala Pallissa",6,http://cansici.cat/w1-sala-pallissa/
"cansicimasia > 12--Lavabo 3",5,http://cansici.cat/12-lavabo-3/
"cansicimasia > W2--Sala Entrada",4,http://cansici.cat/w2-sala-entrada/
"cansicimasia > W3-- Detall moble",4,http://cansici.cat/w3-detall-moble/
"cansicimasia > W4--Escales",4,http://cansici.cat/w4-escales/
"cansicimasia > W9--Sala Pallissa",4,http://cansici.cat/w9-sala-pallissa/
"cansicimasia > W5--Sala Entrada",2,http://cansici.cat/w5-sala-entrada/