"Search Engines",131
"Search Engines > Google Search",129
"Search Engines > Google Search > google.com",105
"Search Engines > Google Search > google.es",21
"Search Engines > Google Search > google.nl",1
"Search Engines > Google Search > google.cat",1
"Search Engines > Google Search > google.fr",1
"Search Engines > duckduckgo.com",1
"Search Engines > Yahoo Search",1
"clubrural.com",13
"clubrural.com > /masia/girona/sant-gregori/masia-can-sici_177332",10
"clubrural.com > /",2
"clubrural.com > /masia/girona/sant-gregori/masia-can-sici_177332?_gl=1%2A1sy35c7%2A_up%2AMQ..&gclid=Cj0KCQjwmvSoBhDOARIsAK6aV7hbw1jK2TX6i6Q3yP13cMPoDWAdMzS-QAXqZOBxLn7aWHpCBQoBb-MaAn4NEALw_wcB",1
"cansiciesp.wordpress.com",1