"cansicimasia",1918
"cansicimasia > Inici",191,http://cansici.cat/quant-a/
"cansicimasia > 01--Sala Entrada",78,http://cansici.cat/01-sala-entrada/
"cansicimasia > Preus",73,http://cansici.cat/preus/
"cansicimasia > Fotos",60,http://cansici.cat/fotos/
"cansicimasia > Com arribar-hi",54,http://cansici.cat/arribar/
"cansicimasia > Reserves",53,http://cansici.cat/reserves/
"cansicimasia > 02--Sala Entrada",51,http://cansici.cat/02-sala-entrada/
"cansicimasia > La casa",49,http://cansici.cat/casa/
"cansicimasia > 06--Cuina",47,http://cansici.cat/06-cuina/
"cansicimasia > 04--Sala Entrada",46,http://cansici.cat/04-sala-entrada/
"cansicimasia > 05--Cuina",46,http://cansici.cat/05-cuina/
"cansicimasia > 03--Sala Entrada",45,http://cansici.cat/03-sala-entrada/
"cansicimasia > 07--Cuina",43,http://cansici.cat/07-cuina/
"cansicimasia > 08--Sala Menjador",42,http://cansici.cat/08-sala-menjador/
"cansicimasia > 14--Sala Repartidor",40,http://cansici.cat/14-sala-repartidor/
"cansicimasia > 17--Sala Pallissa",40,http://cansici.cat/17-sala-pallissa/
"cansicimasia > Calendari",40,http://cansici.cat/calendari/
"cansicimasia > 10--Sala Menjador",39,http://cansici.cat/10-sala-menjador/
"cansicimasia > 11--Escales",38,http://cansici.cat/11-escales/
"cansicimasia > 12--Sala Repartidor",38,http://cansici.cat/12-sala-repartidor/
"cansicimasia > 16--Sala Pallissa",37,http://cansici.cat/16-sala-pallissa/
"cansicimasia > 01--Habitació 1",36,http://cansici.cat/01-habitacio-1/
"cansicimasia > 09--Sala Menjador",36,http://cansici.cat/09-sala-menjador/
"cansicimasia > 18--Sala Pallissa",36,http://cansici.cat/18-sala-pallissa-2/
"cansicimasia > 13--Sala Repartidor",35,http://cansici.cat/13-sala-repartidor/
"cansicimasia > 01--Piscina",34,http://cansici.cat/01-piscina/
"cansicimasia > 15-- Porta",34,http://cansici.cat/15-porta/
"cansicimasia > 02--Pèrgola",30,http://cansici.cat/02-pergola/
"cansicimasia > 21--Sala Pallissa",30,http://cansici.cat/21-sala-pallissa/
"cansicimasia > 19--Sala Pallissa",30,http://cansici.cat/19-sala-pallissa/
"cansicimasia > 20--Sala Pallissa",28,http://cansici.cat/20-sala-pallissa/
"cansicimasia > 02-- Habitació 1",25,http://cansici.cat/02-habitacio-1/
"cansicimasia > 05--Bassa",25,http://cansici.cat/05-bassa/
"cansicimasia > 03--Jardí",23,http://cansici.cat/03-jardi/
"cansicimasia > 20--Casa i arbres alts",21,http://cansici.cat/20-casa-i-arbres-alts/
"cansicimasia > Normes de la casa",21,http://cansici.cat/normes/
"cansicimasia > 04-- Bassa i casa",20,http://cansici.cat/04-bassa-i-casa/
"cansicimasia > 06--Detall testos",20,http://cansici.cat/06-detall-testos/
"cansicimasia > 19--Prats i casa",19,http://cansici.cat/19-prats-i-casa/
"cansicimasia > 10--Lavabo 1",18,http://cansici.cat/10-lavabo-1/
"cansicimasia > 21--Camí bosc",18,http://cansici.cat/21-cami-bosc/
"cansicimasia > 03--Habitació 2",18,http://cansici.cat/03-habitacio-2/
"cansicimasia > 09--Habitació lliteres",18,http://cansici.cat/09-habitacio-lliteres/
"cansicimasia > 08--Parc infantil",17,http://cansici.cat/08-parc-infantil/
"cansicimasia > 12--Lavabo 3",15,http://cansici.cat/12-lavabo-3/
"cansicimasia > W1--Sala Pallissa",15,http://cansici.cat/w1-sala-pallissa/
"cansicimasia > 11--Lavabo 2",14,http://cansici.cat/11-lavabo-2/
"cansicimasia > 05--Habitació 4",13,http://cansici.cat/05-habitacio-4/
"cansicimasia > 06--Habitació 4",13,http://cansici.cat/06-habitacio-4/
"cansicimasia > 04--Habitació 3",13,http://cansici.cat/04-habitacio-3/
"cansicimasia > 07--Habitació 5",12,http://cansici.cat/07-habitacio-5/
"cansicimasia > 08--Habitació 6",12,http://cansici.cat/08-habitacio-6/
"cansicimasia > W8--Sala Pallissa",10,http://cansici.cat/w8-sala-pallissa/
"cansicimasia > W2--Sala Entrada",10,http://cansici.cat/w2-sala-entrada/
"cansicimasia > W4--Escales",9,http://cansici.cat/w4-escales/
"cansicimasia > W3-- Detall moble",9,http://cansici.cat/w3-detall-moble/
"cansicimasia > W9--Sala Pallissa",8,http://cansici.cat/w9-sala-pallissa/
"cansicimasia > L'entorn",6,http://cansici.cat/entorn/
"cansicimasia > W5--Sala Entrada",6,http://cansici.cat/w5-sala-entrada/
"cansicimasia > W7--Cuina",6,http://cansici.cat/w7-cuina/
"cansicimasia > W6-- Porta",5,http://cansici.cat/w6-porta/