"cansicimasia",824
"cansicimasia > Inici",95,http://cansici.cat/quant-a/
"cansicimasia > La casa",41,http://cansici.cat/casa/
"cansicimasia > Preus",31,http://cansici.cat/preus/
"cansicimasia > Fotos",31,http://cansici.cat/fotos/
"cansicimasia > 01--Sala Entrada",31,http://cansici.cat/01-sala-entrada/
"cansicimasia > 02--Sala Entrada",28,http://cansici.cat/02-sala-entrada/
"cansicimasia > 03--Sala Entrada",25,http://cansici.cat/03-sala-entrada/
"cansicimasia > 01--Piscina",24,http://cansici.cat/01-piscina/
"cansicimasia > 04--Sala Entrada",22,http://cansici.cat/04-sala-entrada/
"cansicimasia > 06--Cuina",22,http://cansici.cat/06-cuina/
"cansicimasia > 05--Cuina",21,http://cansici.cat/05-cuina/
"cansicimasia > 06--Detall testos",20,http://cansici.cat/06-detall-testos/
"cansicimasia > 08--Parc infantil",19,http://cansici.cat/08-parc-infantil/
"cansicimasia > 07--Cuina",18,http://cansici.cat/07-cuina/
"cansicimasia > 09--Sala Menjador",18,http://cansici.cat/09-sala-menjador/
"cansicimasia > 08--Sala Menjador",17,http://cansici.cat/08-sala-menjador/
"cansicimasia > 20--Casa i arbres alts",17,http://cansici.cat/20-casa-i-arbres-alts/
"cansicimasia > 21--Camí bosc",15,http://cansici.cat/21-cami-bosc/
"cansicimasia > 19--Prats i casa",15,http://cansici.cat/19-prats-i-casa/
"cansicimasia > Calendari",14,http://cansici.cat/calendari/
"cansicimasia > 02--Pèrgola",14,http://cansici.cat/02-pergola/
"cansicimasia > 03--Jardí",14,http://cansici.cat/03-jardi/
"cansicimasia > 21--Sala Pallissa",13,http://cansici.cat/21-sala-pallissa/
"cansicimasia > Reserves",12,http://cansici.cat/reserves/
"cansicimasia > 10--Sala Menjador",12,http://cansici.cat/10-sala-menjador/
"cansicimasia > 12--Sala Repartidor",12,http://cansici.cat/12-sala-repartidor/
"cansicimasia > 04-- Bassa i casa",12,http://cansici.cat/04-bassa-i-casa/
"cansicimasia > L'entorn",11,http://cansici.cat/entorn/
"cansicimasia > 18--Sala Pallissa",11,http://cansici.cat/18-sala-pallissa-2/
"cansicimasia > 05--Bassa",11,http://cansici.cat/05-bassa/
"cansicimasia > 19--Sala Pallissa",10,http://cansici.cat/19-sala-pallissa/
"cansicimasia > 20--Sala Pallissa",10,http://cansici.cat/20-sala-pallissa/
"cansicimasia > 11--Escales",10,http://cansici.cat/11-escales/
"cansicimasia > 16--Sala Pallissa",10,http://cansici.cat/16-sala-pallissa/
"cansicimasia > 17--Sala Pallissa",10,http://cansici.cat/17-sala-pallissa/
"cansicimasia > 13--Sala Repartidor",9,http://cansici.cat/13-sala-repartidor/
"cansicimasia > 14--Sala Repartidor",9,http://cansici.cat/14-sala-repartidor/
"cansicimasia > 15-- Porta",9,http://cansici.cat/15-porta/
"cansicimasia > Com arribar-hi",8,http://cansici.cat/arribar/
"cansicimasia > W1--Sala Pallissa",8,http://cansici.cat/w1-sala-pallissa/
"cansicimasia > Normes de la casa",6,http://cansici.cat/normes/
"cansicimasia > 01--Habitació 1",6,http://cansici.cat/01-habitacio-1/
"cansicimasia > W2--Sala Entrada",5,http://cansici.cat/w2-sala-entrada/
"cansicimasia > W8--Sala Pallissa",5,http://cansici.cat/w8-sala-pallissa/
"cansicimasia > 03--Habitació 2",5,http://cansici.cat/03-habitacio-2/
"cansicimasia > 04--Habitació 3",5,http://cansici.cat/04-habitacio-3/
"cansicimasia > W3-- Detall moble",4,http://cansici.cat/w3-detall-moble/
"cansicimasia > W4--Escales",4,http://cansici.cat/w4-escales/
"cansicimasia > W5--Sala Entrada",4,http://cansici.cat/w5-sala-entrada/
"cansicimasia > W6-- Porta",4,http://cansici.cat/w6-porta/
"cansicimasia > W9--Sala Pallissa",4,http://cansici.cat/w9-sala-pallissa/
"cansicimasia > W7--Cuina",4,http://cansici.cat/w7-cuina/
"cansicimasia > 02-- Habitació 1",4,http://cansici.cat/02-habitacio-1/
"cansicimasia > 05--Habitació 4",4,http://cansici.cat/05-habitacio-4/
"cansicimasia > 09--Habitació lliteres",4,http://cansici.cat/09-habitacio-lliteres/
"cansicimasia > 06--Habitació 4",3,http://cansici.cat/06-habitacio-4/
"cansicimasia > 07--Habitació 5",3,http://cansici.cat/07-habitacio-5/
"cansicimasia > 08--Habitació 6",3,http://cansici.cat/08-habitacio-6/
"cansicimasia > 12--Lavabo 3",3,http://cansici.cat/12-lavabo-3/
"cansicimasia > 10--Lavabo 1",3,http://cansici.cat/10-lavabo-1/
"cansicimasia > 11--Lavabo 2",2,http://cansici.cat/11-lavabo-2/