"cansicimasia",1212
"cansicimasia > Inici",173,http://cansici.cat/quant-a/
"cansicimasia > Fotos",49,http://cansici.cat/fotos/
"cansicimasia > 01--Sala Entrada",48,http://cansici.cat/01-sala-entrada/
"cansicimasia > Com arribar-hi",45,http://cansici.cat/arribar/
"cansicimasia > 02--Sala Entrada",34,http://cansici.cat/02-sala-entrada/
"cansicimasia > Preus",29,http://cansici.cat/preus/
"cansicimasia > Calendari",29,http://cansici.cat/calendari/
"cansicimasia > 03--Sala Entrada",28,http://cansici.cat/03-sala-entrada/
"cansicimasia > La casa",26,http://cansici.cat/casa/
"cansicimasia > 04--Sala Entrada",24,http://cansici.cat/04-sala-entrada/
"cansicimasia > 05--Cuina",24,http://cansici.cat/05-cuina/
"cansicimasia > 17--Sala Pallissa",24,http://cansici.cat/17-sala-pallissa/
"cansicimasia > 06--Cuina",22,http://cansici.cat/06-cuina/
"cansicimasia > 01--Piscina",22,http://cansici.cat/01-piscina/
"cansicimasia > 18--Sala Pallissa",22,http://cansici.cat/18-sala-pallissa-2/
"cansicimasia > 19--Sala Pallissa",22,http://cansici.cat/19-sala-pallissa/
"cansicimasia > 03--Habitació 2",22,http://cansici.cat/03-habitacio-2/
"cansicimasia > 01--Habitació 1",22,http://cansici.cat/01-habitacio-1/
"cansicimasia > 13--Sala Repartidor",21,http://cansici.cat/13-sala-repartidor/
"cansicimasia > 14--Sala Repartidor",21,http://cansici.cat/14-sala-repartidor/
"cansicimasia > 16--Sala Pallissa",21,http://cansici.cat/16-sala-pallissa/
"cansicimasia > 12--Sala Repartidor",20,http://cansici.cat/12-sala-repartidor/
"cansicimasia > 21--Sala Pallissa",20,http://cansici.cat/21-sala-pallissa/
"cansicimasia > 20--Sala Pallissa",20,http://cansici.cat/20-sala-pallissa/
"cansicimasia > 05--Habitació 4",20,http://cansici.cat/05-habitacio-4/
"cansicimasia > 02-- Habitació 1",20,http://cansici.cat/02-habitacio-1/
"cansicimasia > 07--Cuina",19,http://cansici.cat/07-cuina/
"cansicimasia > 08--Sala Menjador",19,http://cansici.cat/08-sala-menjador/
"cansicimasia > 09--Sala Menjador",19,http://cansici.cat/09-sala-menjador/
"cansicimasia > 15-- Porta",19,http://cansici.cat/15-porta/
"cansicimasia > 09--Habitació lliteres",19,http://cansici.cat/09-habitacio-lliteres/
"cansicimasia > 10--Sala Menjador",18,http://cansici.cat/10-sala-menjador/
"cansicimasia > 11--Escales",18,http://cansici.cat/11-escales/
"cansicimasia > 04--Habitació 3",18,http://cansici.cat/04-habitacio-3/
"cansicimasia > 21--Camí bosc",17,http://cansici.cat/21-cami-bosc/
"cansicimasia > 19--Prats i casa",17,http://cansici.cat/19-prats-i-casa/
"cansicimasia > 06--Habitació 4",17,http://cansici.cat/06-habitacio-4/
"cansicimasia > 08--Parc infantil",15,http://cansici.cat/08-parc-infantil/
"cansicimasia > Reserves",14,http://cansici.cat/reserves/
"cansicimasia > 20--Casa i arbres alts",14,http://cansici.cat/20-casa-i-arbres-alts/
"cansicimasia > 05--Bassa",14,http://cansici.cat/05-bassa/
"cansicimasia > 10--Lavabo 1",14,http://cansici.cat/10-lavabo-1/
"cansicimasia > 07--Habitació 5",13,http://cansici.cat/07-habitacio-5/
"cansicimasia > 08--Habitació 6",13,http://cansici.cat/08-habitacio-6/
"cansicimasia > 03--Jardí",13,http://cansici.cat/03-jardi/
"cansicimasia > 12--Lavabo 3",13,http://cansici.cat/12-lavabo-3/
"cansicimasia > 06--Detall testos",12,http://cansici.cat/06-detall-testos/
"cansicimasia > 02--Pèrgola",12,http://cansici.cat/02-pergola/
"cansicimasia > 04-- Bassa i casa",12,http://cansici.cat/04-bassa-i-casa/
"cansicimasia > L'entorn",9,http://cansici.cat/entorn/
"cansicimasia > 11--Lavabo 2",9,http://cansici.cat/11-lavabo-2/
"cansicimasia > Normes de la casa",7,http://cansici.cat/normes/