"cansici.cat",8
"cansicifr.wordpress.com",4
"cansiciesp.wordpress.com",3
"WordPress.com Media can-sici-plc3a0nol-vista-general.jpg",3
"cansicieng.wordpress.com",3
"www.valldellemena.cat",2
"www.valldellemena.cat > valldellemena.cat",1
"www.valldellemena.cat > valldellemena.cat/?tool=llemena&tool_section=pagina&action=show_record&pagina_id=94&language=cat",1
"es.turismegarrotxa.com",1
"martis.banyoles.cat/controller.php?p_action=show_page&pagina_id=4&inst_id=10",1
"salvador-dali.org/museus/teatre-museu-dali/es_index/",1